{"cameraMode":{"drawMode":0,"name":"Shaded","section":"Shading Mode"},"sceneLighting":true,"audioPlay":false,"sceneViewState":{"showFog":false,"showMaterialUpdate":false,"showSkybox":false,"showFlares":false,"showImageEffects":false,"showParticleSystems":true},"in2DMode":false,"pivot":{"x":3.2721846103668215,"y":-59.78730010986328,"z":16.960006713867189},"rotation":{"x":-0.6990008354187012,"y":0.0010715688113123179,"z":-0.0010481602512300015,"w":-0.7151193618774414},"size":113.9468765258789,"orthographic":false}