{"cameraMode":{"drawMode":0,"name":"Shaded","section":"Shading Mode"},"sceneLighting":false,"audioPlay":false,"sceneViewState":{"showFog":false,"showMaterialUpdate":false,"showSkybox":false,"showFlares":false,"showImageEffects":false,"showParticleSystems":true},"in2DMode":false,"pivot":{"x":-0.00016182661056518555,"y":0.4596424102783203,"z":-0.10946467518806458},"rotation":{"x":-0.08219876885414124,"y":0.8989670276641846,"z":-0.19189929962158204,"w":-0.3850666880607605},"size":2.26543927192688,"orthographic":false}